<?xml version="1.0" encoding="UTF-8"?>
<!DOCTYPE struts PUBLIC
"-//Apache Software Foundation//DTD Struts Configuration 2.0//EN"
"http://struts.apache.org/dtds/struts-2.0.dtd">

<!-- Author:Bhavana Ramasayam -->
<!-- struts.xml is the XML file where all the action and tiles is mentioned. -->

<struts>
	<package name="SWE642_Struts2Tiles_App" extends="struts-default"
		namespace="/">

		<!-- Direct the tiles type to tiles.xml via the class file. -->
		<result-types>
			<result-type name="tiles"
				class="org.apache.struts2.views.tiles.TilesResult" />
		</result-types>

		<!-- Action to load the student survey form. -->
		<action name="loadStudentSurveyForm">
			<result name="success" type="tiles">/student.survey.tiles
			</result>
		</action>

		<!-- Action to save the student survey details to DB and retrieve student 
			IDs from DB. -->
		<action name="saveSurveyDetails" class="actions.StudentSurveyDetailsAction"
			method="saveSurveyDetails">
			<result name="simpleAcknowledgement" type="tiles">/simple.acknowledge.tiles
			</result>
			<result name="winnerAcknowledgement" type="tiles">/winner.acknowledge.tiles
			</result>
		</action>

		<!-- Action to retrieve the student survey details from the DB. -->
		<action name="retrieveStudentDetails" class="actions.StudentSurveyDetailsAction"
			method="retrieveStudentDetails">
			<result name="student" type="tiles">/student.info.tiles</result>
			<result name="noStudent" type="tiles">/no.student.tiles</result>
		</action>
	</package>
</struts>